[
  { "nombre": "Las Teresitas", "municipio": "Santa Cruz de Tenerife", "id_aemet": "3803806", "zona": "Metropolitana" },
  { "nombre": "Las Gaviotas", "municipio": "Santa Cruz de Tenerife", "id_aemet": "3803808", "zona": "Metropolitana" },
  { "nombre": "Benijo", "municipio": "Santa Cruz de Tenerife", "id_aemet": "3803810", "zona": "Anaga" },
  { "nombre": "Almáciga", "municipio": "Santa Cruz de Tenerife", "id_aemet": "3803811", "zona": "Anaga" },
  { "nombre": "Roque de las Bodegas", "municipio": "Santa Cruz de Tenerife", "id_aemet": "3803812", "zona": "Anaga" },
  { "nombre": "Antequera", "municipio": "Santa Cruz de Tenerife", "id_aemet": "3803804", "zona": "Anaga" },
  { "nombre": "Playa de Valleseco", "municipio": "Santa Cruz de Tenerife", "id_aemet": "3803805", "zona": "Metropolitana" },
  { "nombre": "Las Vistas", "municipio": "Arona", "id_aemet": "3800603", "zona": "Sur" },
  { "nombre": "Los Cristianos", "municipio": "Arona", "id_aemet": "3800601", "zona": "Sur" },
  { "nombre": "El Camisón", "municipio": "Arona", "id_aemet": "3800604", "zona": "Sur" },
  { "nombre": "Las Galletas", "municipio": "Arona", "id_aemet": "3800605", "zona": "Sur" },
  { "nombre": "La Ballena", "municipio": "Arona", "id_aemet": "3800606", "zona": "Sur" },
  { "nombre": "Troya", "municipio": "Adeje", "id_aemet": "3800101", "zona": "Sur" },
  { "nombre": "Fañabé", "municipio": "Adeje", "id_aemet": "3800104", "zona": "Sur" },
  { "nombre": "Torviscas", "municipio": "Adeje", "id_aemet": "3800103", "zona": "Sur" },
  { "nombre": "El Duque", "municipio": "Adeje", "id_aemet": "3800110", "zona": "Sur" },
  { "nombre": "La Enramada", "municipio": "Adeje", "id_aemet": "3800109", "zona": "Sur" },
  { "nombre": "Diego Hernández", "municipio": "Adeje", "id_aemet": "3800111", "zona": "Sur" },
  { "nombre": "El Puertito de Adeje", "municipio": "Adeje", "id_aemet": "3800108", "zona": "Sur" },
  { "nombre": "Playa del Bobo", "municipio": "Adeje", "id_aemet": "3800102", "zona": "Sur" },
  { "nombre": "Las Américas", "municipio": "Adeje", "id_aemet": "3800116", "zona": "Sur" },
  { "nombre": "El Médano", "municipio": "Granadilla de Abona", "id_aemet": "3801704", "zona": "Sur-Este" },
  { "nombre": "La Tejita", "municipio": "Granadilla de Abona", "id_aemet": "3801702", "zona": "Sur-Este" },
  { "nombre": "Leocadio Machado", "municipio": "Granadilla de Abona", "id_aemet": "3801705", "zona": "Sur-Este" },
  { "nombre": "Montaña Roja", "municipio": "Granadilla de Abona", "id_aemet": "3801703", "zona": "Sur-Este" },
  { "nombre": "Playa Jardín", "municipio": "Puerto de la Cruz", "id_aemet": "3802801", "zona": "Norte" },
  { "nombre": "Martiánez", "municipio": "Puerto de la Cruz", "id_aemet": "3802802", "zona": "Norte" },
  { "nombre": "San Telmo", "municipio": "Puerto de la Cruz", "id_aemet": "3802803", "zona": "Norte" },
  { "nombre": "El Bollullo", "municipio": "La Orotava", "id_aemet": "3802601", "zona": "Norte" },
  { "nombre": "Los Patos", "municipio": "La Orotava", "id_aemet": "3802602", "zona": "Norte" },
  { "nombre": "El Ancón", "municipio": "La Orotava", "id_aemet": "3802603", "zona": "Norte" },
  { "nombre": "El Socorro", "municipio": "Los Realejos", "id_aemet": "3803102", "zona": "Norte" },
  { "nombre": "La Fajana", "municipio": "Los Realejos", "id_aemet": "3803101", "zona": "Norte" },
  { "nombre": "La Arena", "municipio": "Santiago del Teide", "id_aemet": "3804001", "zona": "Oeste" },
  { "nombre": "Los Guíos (Gigantes)", "municipio": "Santiago del Teide", "id_aemet": "3804002", "zona": "Oeste" },
  { "nombre": "Playa de San Juan", "municipio": "Guía de Isora", "id_aemet": "3801901", "zona": "Oeste" },
  { "nombre": "Abama", "municipio": "Guía de Isora", "id_aemet": "3801904", "zona": "Oeste" },
  { "nombre": "Alcalá", "municipio": "Guía de Isora", "id_aemet": "3801902", "zona": "Oeste" },
  { "nombre": "Punta Larga", "municipio": "Candelaria", "id_aemet": "3801103", "zona": "Este" },
  { "nombre": "Las Caletillas", "municipio": "Candelaria", "id_aemet": "3801101", "zona": "Este" },
  { "nombre": "La Arena (Mesa del Mar)", "municipio": "Tacoronte", "id_aemet": "3804301", "zona": "Norte" },
  { "nombre": "El Pris", "municipio": "Tacoronte", "id_aemet": "3804302", "zona": "Norte" },
  { "nombre": "El Puertito de Güímar", "municipio": "Güímar", "id_aemet": "3802002", "zona": "Este" },
  { "nombre": "Callao", "municipio": "Güímar", "id_aemet": "3802003", "zona": "Este" },
  { "nombre": "Bajamar", "municipio": "San Cristóbal de La Laguna", "id_aemet": "3802302", "zona": "Norte" },
  { "nombre": "El Arenal", "municipio": "San Cristóbal de La Laguna", "id_aemet": "3802303", "zona": "Norte" },
  { "nombre": "Jover", "municipio": "San Cristóbal de La Laguna", "id_aemet": "3802304", "zona": "Norte" },
  { "nombre": "La Nea", "municipio": "El Rosario", "id_aemet": "3803202", "zona": "Este" },
  { "nombre": "Radazul", "municipio": "El Rosario", "id_aemet": "3803201", "zona": "Este" },
  { "nombre": "Porís de Abona", "municipio": "Arico", "id_aemet": "3800504", "zona": "Este" },
  { "nombre": "Abades", "municipio": "Arico", "id_aemet": "3800503", "zona": "Este" },
  { "nombre": "Tajao", "municipio": "Arico", "id_aemet": "3800502", "zona": "Este" },
  { "nombre": "San Marcos", "municipio": "Icod de los Vinos", "id_aemet": "3802201", "zona": "Norte" },
  { "nombre": "Agua Dulce", "municipio": "Los Silos", "id_aemet": "3804201", "zona": "Norte" },
  { "nombre": "Charco del Viento", "municipio": "La Guancha", "id_aemet": "3801801", "zona": "Norte" },
  { "nombre": "Santo Domingo", "municipio": "La Guancha", "id_aemet": "3801802", "zona": "Norte" },
  { "nombre": "Ajabo", "municipio": "Adeje", "id_aemet": "3800115", "zona": "Sur" },
  { "nombre": "La Caleta", "municipio": "Adeje", "id_aemet": "3800107", "zona": "Sur" },
  { "nombre": "Varadero", "municipio": "Guía de Isora", "id_aemet": "3801903", "zona": "Oeste" },
  { "nombre": "Callao Salvaje", "municipio": "Adeje", "id_aemet": "3800114", "zona": "Sur" }
]
